Username,Type
00_11_22_33,human
0fears0regrets,human
0hgosh,hybrid
0L_E,human
0Reilly_S,human
0reoswithforks,machine
100pairs_,human
1072064098,machine
11111Reem,machine
11kevin18,machine
11MeterCluster,machine
1215_bri,human
1269_nokureb,machine
12proudBelieber,machine
ryanshardyon,human
18Kyleb,human
1DLover2903,machine
2RU10,machine
12YearsAHaitian,human
17scurls,machine
1900_superior,human
1975maine,human
1993Gizzem,machine
1999_catherine,human
1Afshin,human
1Darabupdates_,machine
1DFugasz,machine
1dpromosquad,machine
1D_Bieber_Yo,machine
1D_Biebz98,machine
1D_LNLZH_love,machine
1D_luv39,machine
1EdHenderson,human
1god,human
1hahahahajk,human
1lifesize,human
1manscan,machine
1nightstandx,machine
1OfTheLameKiddZ,machine
1RyanWilliams1,human
3vanFl3ming,human
2000MusicRadio,machine
2011Aliya,human
22_Liendo,human
4everafag,human
209milli,human
21Janks,human
221BAllonsy,machine
22juice47,human
23s_All_iRock,machine
23WGM98,human
246Tweetscom,human
247_POWERMOVES,human
24ashcake,human
24_14K,human
25Twelves,human
26milesdone,human
2gunnS,human
2InchPowerTower,human
2King3Hall9,human
2LicksImDone,human
2mph_,human
2muchloveliness,machine
2_Plates,human
365365happydays,human
38HotSpot,machine
3Gordon,human
3liAljassem,human
3lo0ya_,human
3Meganlong,human
3rgomez,human
3tch3r,human
3uropean_kitten,machine
42Fredrick,human
44antman,human
4c1d_Merm41d,human
4condas1cupcake,human
A2Zaus,machine
4democracy,machine
4ever_justinss,human
4JackieBrown,machine
4STownsend,human
4Wheels2Learn,machine
50ShadesFandom,human
50YoS,machine
56Melton,human
5aad,human
5FeetOf_Fun,human
5iVEPESOz,human
5SecondsOfGames,human
5SecondsOfSexNL,hybrid
5Secs0fBethh,human
5secsofoned,human
5sosAddictedxx,human
5SOSFamBabes,human
5SOSNiemam,machine
5sossighhh,machine
5SOS_Is_Life_,human
5sxcslarry,machine
5th_monkey,human
5waris,human
60postcards,human
620wtmj,machine
67SPN,hybrid
69ali_ali,human
69withmyidols,hybrid
6roof_ali,human
6StringUke,human
722115102,human
77JEdwards,human
77SFS_,machine
7EYESFOR7DAYS,human
7GAAP4,human
7Leaver,human
816HPMOB1132,human
823BoyAnt,human
89thMinute,machine
904lilgutta,human
90sKng_,human
97Pinokio,human
A1_DiZzO,human
aaeroswiss,hybrid
aalexiscourt,machine
Aaronbirchall23,human
AbbyFox66,human
alexmhel09,machine
a380fanclub,machine
A420NLIM,human
aakash21_cfc,human
aakash_1024,human
Aaonepromo,human
AarianandCo,human
AaronLinnie,human
AaronSoriano12,human
aaron_1015,human
Aaron_Rozzay,human
Aarwyn,human
Aaye_Beautiful,human
Aayykiara,human
AbascalKara,human
AbbeyMarble,human
Abbibelen,human
abbiedavenport1,human
abbiejemson,human
AbbiexMerrygold,human
abbie_fish,human
abbiluvsyou,human
abbsterj_15,human
Abbyiscoool,human
abbyywidrigg1,human
abby_ebooks,human
abdinoodle4,human
abductionist,human
abeer199058,hybrid
abhijitkaura,machine
AbieMcC,human
AbigaleBehnken,human
ABM_attitude,human
About_The_Jade,human
abrams___artie,human
aBREATHofROXANE,human
AbsChristiansen,human
AbsolutionDom,machine
abuttsy,human
abxhar,human
acaichiachantel,human
acarrier19,human
Acbaronsunrise,human
Access205,machine
ACCIGallery,machine
accionovelli,human
acdyw,human
shamrock_niam,machine
UsherContigye,human
AceManilla,human
Acidrain_05,machine
acmbae,human
acorker1979,human
AcworthJobs,human
AdairJaquezj,machine
AdamDrewy85,human
adamfitz87,human
Adamkadi,human
AdamLeahy91,human
Adam_E_Reed,human
adawn_2012,human
addictoniallx,human
addierouse,human
adelainesolaf,human
Adelle_R,human
AFinsy5,human
AfzalNisthar,human
AlexisGamache,machine
adiictivee,human
Adiitpradana,hybrid
Adi__Jay,human
adliht_,human
AdmireShelley_,human
Adoremuah_,human
adoretheBOSS,human
ADoseOf_Bray,human
AdrianaSkampos,human
adrianzadroga,human
adribrookeramos,human
Adriennesbic,machine
AdventureCarrie,human
adw111211,human
ad_I_am,human
aee_mickey,human
AennJr,human
aespinal021,human
afarq_pt,human
AfBrat18,human
AFC_Fisher,human
Affilipede,machine
AffizaneeAzman,human
AfftonPatch,machine
afiqfiq96,human
Africanprint,human
AgeofMockery,human
ageorgesonnn,human
AgnesClaire,machine
agray_birds,machine
agreatbigfan,human
aguesstybear,human
aguirremarines,hybrid
agusaroca2,human
ahhhlexhardee,human
ahhhtee__,human
Ahmed66amd,human
Ahmed_Zuaiter,human
AhmmadAnwar,human
Ahmxdz,human
ahmydreams,human
ahorasuena,machine
ahQuebed,machine
AH_NUI_,human
Aiahlei,human
AidaIriarte,human
aidris36,human
aiedroma,machine
aijhanayyyyy,human
aikaterine7,human
AimeeDixon,human
ainaaNjhaa,human
Air2Vent,human
Air_Cvm,human
air_wrecka2,human
aishatmodibro,human
aisha_alshikhy,human
Aishisarang,human
AisyahKhairii,human
AizatDin_,human
aj82lo,human
ajengaaa_,human
ajim_hzln,human
ajjavila,human
AJKablan,human
AJohnson_32,human
aJOIride,human
AJonesknuth,human
AJ_OCking,human
akaLyricMcCall,human
akaRzxM,machine
akemi25329,human
akem_76,human
AKGrands,human
Akmal_Zi,human
akuroku_,human
Akpabs_,human
Alamin_didi,human
alanakoscielski,human
alana_bottomley,human
AlanROFL,human
Alan_02RD,machine
alan_j_s,human
AlastairWinter,human
AlbaGi99,human
albanagomez1,machine
AlbertEinstupid,human
alboran31,human
AlboranNY,machine
Alcoh0licGod,human
AldairneymarR,machine
Aleah487,machine
alecheininger,human
AlecIovino,human
alecolavecchia,human
aleelilyx,human
aleena_lopez,human
AleenHafidz,human
AleeSandoval_06,human
Aleeyakn,human
alee_buu,human
alegetsyouwet,human
aleigha_marieee,human
Alejandra_Sosa_,human
Alejandro846,human
alejovillarroel,human
Alek_14,human
AleMunegato,human
Alene5SOS,human
AleRuiz1228,human
Alex18Hayden,human
alex91091,human
alexabernelle,human
alexadenillo,human
AlexaL0V3Louis,human
AlexanderShammo,human
AlexanderV__,human
Alexandrasics,machine
alexandrea457,machine
alexaroxanneash,human
alexaWsmith,human
alexa_hannon,human
alexb09__,human
AlexCardoza4,human
Alexchapel,human
alexgagskarth,human
alexia_charmain,human
AlexisDixon7,human
alexisgrady13,human
AlexisKasek,human
AlexisPilar21,human
alexisreyes308,human
alexiss4l,human
AlexissO_o,human
Alexiss_walden,human
alexis_davo,human
Alexis_Perez3,human
AlexLebron98,human
AlexLovesPack52,human
AlexlovesRih,machine
Alexmerrie,human
alexprauner,human
alexrosenoble_,human
AlexSablancom,human
ALEXSAND071,human
alexus458,machine
alexwaffelsdick,human
AlexxArizona,human
alexxisspaaigee,human
alexxxa_5,human
AlexxxTheLion,human
alex_asleson,human
alex_beep,human
alex_geedee,human
Alex_west19,human
alezea_martinez,human
alfredbr3,human
AlfredGreeneIV,human
Alghumlas,human
algrau30,human
alheathprivarts,machine
Alia62Alia,human
alic3m4ntle,human
aliciaaaaa_xo,human
AliciaConnors,human
Alicia_Galloway,human
all3points,human
allthatnoiz,human
amboandestoke,human
ALifeLoverRai,human
AliHeddon,human
aliice_kay,human
alise_garcia,human
Alishabjz,machine
Alisha_Rajput1,hybrid
alislive,hybrid
Alisoncortees,human
AlisonNedry,human
alissa_leeann,human
alithesorcerer,human
alittlebiggirl,human
alittlebitofhem,human
alizasoberano,human
AlizeRozay_,human
ali_hayek96,human
ALKESH16423732,machine
all1d,human
allanamiura,human
allcar67,human
allicat309,machine
alliebug321,machine
AllieFelix07,machine
AlliGavin,human
alvaasandberg,human
carrozia,human
Ellieroseyx,human
fabdirtypigs,human
fiercespinosas,human
LTwithNutella,human
Mahonefaith,human
MonsieurBazin,human
NathansQueen,human
ni4llsupras,human
pizzamurs,human
alliehudspath,human
AlligatorHands2,human
allisonnraeeee,human
ALLisON_Meee,human
allisuuuuuun,human
allisynmichelle,human
alllyboo14,machine
AlllyKatt,human
allthegossuk,machine
AllWorld_Sports,machine
allywasley,human
Ally_Disher,human
Ally_Nicole2013,human
All_Love_Yeye,human
Almariaa13,human
almightykenny,human
AlmightySus,human
almighty_deon,hybrid
Almighty_Envy,human
AlniezriZul,human
alobere4ev,human
alohaprettyface,human
AloyaAls,human
AlphaBam,human
alsemi3,human
alterry2,human
altosaaxy,human
alwayssmendes,human
AlwaysThinkHow,machine
AlwaysYours_xo,human
always_GoHARDER,human
alxnelyboy_,human
AlyalMair,human
alylalaland,human
alyse_labadie,human
AlysKarstark,human
AlysonRolita,human
alyssadur,human
ALYSSAisROSSOME,human
AlyssaSloup,human
alyssa_prinzo,human
Alyssa_Ward17,human
alyssia94,human
Amadeusivan,human
AmalJedusor,human
AmalR5Naqvi,human
amandaaccardo,human
AmandaSbroughm,human
AmandaWalsh1990,human
amanda_hudgins,human
amanda_morales_,human
Amanda_pandaa94,human
amanda_pleeeeez,human
amanialhirz,human
AmaniBudstor,human
amanndamurphy,human
Amaris_2250,human
AMartinez2206,human
amasolution,machine
amayum,human
amazingemi1y,human
amazingnash,machine
AmazonElectr,machine
ambarmanah,human
AmberSky414,human
ambertowery_xo,human
Amber_Walter,human
amber_weeks29,machine
AmbreSiBelle,human
amburr4289,human
AMByron101,human
ameeezytho,machine
AmeezyBieberr,human
ameezysmxgcon,hybrid
amelia___p,human
amel_ob,human
american24_7,human
americanghandi,human
amerik4n,human
AmesMongo,human
aMg22_2017,human
amilliondresses,human
amillllzzzz,human
aminawbu,human
amirjindani,human
amitranosam,human
amitvkaushik,human
Amnasshole,hybrid
AmshFG,human
amueller313,human
AMvillamin04,human
amybailz,human
AmyDishington_,human
amyhamilton__,human
amyinleeds,human
amyjsutthakorn,human
AmyLatham4,human
amylindsay_123,human
amylotven,machine
amyradford96,human
amyspxnd,human
Amy_Marie8,human
amy_nguyen412,human
amy_povey,human
Amzshtwsh30,machine
Amzz_books,human
anakatrinaXXVII,human
AnaMari60959138,human
Anamrs26,human
anastas57761400,human
AndrewJMorgan,human
angie__irene,human
AnandSedani,human
anANGELAppeared,human
anangfio,machine
AnanseOnline,machine
anastazcia,human
AnaSyaraf,human
ana_bow123,human
ana__blanco,human
AndAllThat_Jaas,human
andanmo,human
andeesong,human
Andersonn_Sami,human
AndI_LoveSex,human
andreakate04,human
ANDREALLEN2,human
andreapeinado_,human
AndreasKubli,machine
AndrewMaclaren1,human
AndyAClark1213,human
AudrianaScovill,machine
AndreaPinedo25,human
AndreMcKay,human
AndreaSevertson,human
andreassangalbi,human
Andrea_katey09,human
andrea_rose15,human
andreDESIGNZcom,human
AndreinaKrystal,human
AndrewJayShaw,human
andrewlint,human
andrewryce,human
andrewswagpeper,machine
AndrewTilo,human
AndyBelfast,human
andybohra,human
andystriano,human
AnDy_x9,machine
AngaZon1,human
angelszouis,human
awzumkeicii,human
AracelyMariee,human
weyheyreynolds,machine
yas5sos,human
AngelaEhh,human
AngelCatuira,human
AngelGraande,human
Angelinasci,machine
angie09_,human
Angelrrrrt3,machine
angel_michiee,human
AniaLikesYou,human
Ania_96,human
AnimalsWorld2,machine
anissafika,human
AnnapHS_AACPS,machine
anjjavierr,human
AnjunaGirl,human
AnnaGraceeeeee,human
AnnaJ2810,human
ANNAMYTHANH,machine
annantamo,machine
annapipa16,human
annasamson4,human
annasthings,human
Anna_bolisme,machine
Anneasic,machine
annenicolasanne,human
annie340,human
anniescuzz,human
AnnieSl,machine
AnnieTimothy1,human
annis_cempaka,human
annyredux,machine
Anogoraz,human
Anomalous_Mind,human
AnonymousZiZ,human
ant57922,human
AnthMelo,human
AnthonyPaolett1,machine
anthonyxgold,human
Antijanner,human
antoinette843,machine
antoinettepepe,human
antoniarossixo,human
antoniomilton82,human
anythingmedia,machine
an_uhsemblur,human
AomTezy,human
APEntertainment,machine
apertureless,human
appolearning,hybrid
Aquafloater,machine
AquinoLuu,human
ArcudiJohn,human
aRed_Head,machine
aremysunshines,human
ARenee58,human
arianaftjerry,human
ArianeCaricofe,machine
ariannahuff,machine
arickagarcia,human
Arik323,machine
arisaRF,human
arissasucks_,human
Arkcann22,machine
armandomusic1,human
Art4AIDS,machine
arneshkadam,machine
arrianna_hart,human
ArticleOptimizr,human
Artist_Lana,machine
arunleo66,machine
AryCh14,human
AsadAwana,human
AsadOfBabylon,human
Asapxjay,human
AshaEadeGreen,human
Asherrylie,human
ashley_luella,human
Ashley_Renn,machine
ashlyn734,machine
asianescort_ny,machine
asiyahfans97,human
asrivkin,human
AzulCouture,machine
BMager94,human
athanaki,human
AthenaDashing,human
AtIantisRecords,machine
AtlantaFollow,machine
atmourningsend,human
AubreyOldridge1,human
AudioGrinderz,hybrid
AukenVan,machine
aunuas,human
AuraMire,human
AustereWizard,human
austinftgomez,human
AustinKooz,hybrid
AuthNews,human
AuthorNetwork,hybrid
AutumnPederson,machine
auzzuro76,machine
avarizzeeey,human
AveMariaMusic,human
aveyprk,human
avianne_art,human
avo_kayla,human
awesomeboobs1,machine
AwkwardwctheMC,machine
AWM2101,machine
aymkristal,human
AYOALEXmusic,human
ayoutubegirl,human
Ayo_ThatsKaelin,human
AzarunMedina,human
AZI10thm,machine
a_jhad,human
A_Weird_Ninja,human
A_XCH,human
B0nesExp0sed,human
B1A4SNS2,machine
B1A4_BANA5ever,human
b22squared,human
babysoot,human
BaeMaeva,human
baes_for_life,human
BadAss__100,human
baddestinacity_,human
baddiedomo,human
BadiaAlwer,human
BadMamaJamma_,human
BadReligion_xox,human
beccarobbb,human
BeccaSimmXx,machine
BeckerHamphrey,human
beckycenglish,human
beemotion,machine
BeeNasty_,human
been_jayy,human
beereraaw,human
BeesBeautytips,machine
BekahBoniKim,human
BenBrisebois,human
beforeitsnews,machine
BeggarsCanada,machine
bekkaduxbury,human
bela_simi,machine
Belgium_I_Love,machine
Beliebe45500769,human
BELIEBER13_13_,human
Belieber1DMiley,human
Beliebers0309,human
beliEVElynJ,machine
BelikeU,machine
belindacostello,machine
Bella_Juve,human
beluga61,human
belumorgade,human
beminemashton,hybrid
bendean1979,human
BenedictLOLOLOL,human
BeniMPD,human
Benny_The_Bull_,human
bentozy,machine
bentzminger,machine
benwoony,human
benz1171,machine
bernadeteq,human
BernBedNJPatch,machine
Berniceohi,human
BerteSanchez,machine
BeRude417,human
BestAcneResults,machine
besthotamateur,machine
bestjobsonline,machine
Bestofattorneys,human
Bestof_RCT,human
BestWhiteHat,machine
BestXxxCams,machine
bethaanyy_,human
BethOnY100,human
bethpadillo5,human
bethsnerdrope,human
BevFraser_,human
BexleyBusiness,human
bezimedoloca,machine
bhabhiie_shinji,human
bhooms997,human
bhramara,human
BichetLisa333,human
BieberHena,human
faggieswaggie,human
FW90,human
hotchedderlouis,human
BigKahunaHoward,human
BishSharif,human
bhrondeau,human
bianca_amorcb,machine
Biankasemb,human
biatrix_nx,machine
biebacefalo,human
bieberInMahone,human
biebsftonedi_,hybrid
biebsj29,human
Biebs_OurHero,hybrid
Bieeebss69,machine
bigmofo30,machine
bign9ne,human
BigRed6810,human
BigTimeSWS,machine
Big_Pants,human
bijoutito,human
billyatzion,human
BimaKrenata,human
BINGBING_CKTAIL,machine
BioFares,machine
BIRDY0101961,human
BirKid,human
bitchlove190,human
BkaschBetty,machine
BladeKing21,human
BlairVictoria_,human
BMartonSSM,machine
BMinterSSM,machine
bondelqsmagic,machine
laurenetextiles,machine
LekHehlgans,machine
k_smilowitz,human
secuteirwin,human
pxckrxckhxmmo,human
zombiezouis,human
zxrryftzouis,human
Bitch_imPopin,human
bitcoinbase,machine
BitcoinDebitCrd,machine
Bizzleismyherox,machine
bizzwizzie,human
Blackout10_,human
blainehummels,human
blaineyblaines,human
blakemurphy7,human
BlckboyFly83,human
blehemmo,machine
BlertaNikqi,human
Bless_2Bless,machine
blisslogixIT,machine
blk_wht_domino,human
block215,human
BlogPodcastVid,machine
Blue420Dreams,machine
bluediamond421,human
BlueEyes213425,human
bluefin711,machine
BlueJaysX2,machine
BluesignV,machine
Blunkall_Kat5,human
bluware_ron,machine
BMatt247,machine
bngyyongguk,human
bobbyfriction,human
Bogi_x,machine
BoltSaid,human
bomerhalder,human
bonfiregomez,machine
bonitaribkha_H,human
BoobiesNoBooty,human
Boolongeri18,machine
Boom_Monster,human
BooPops,human
BooshTasty,human
bootaide,human
Bootyderd813,machine
BootyP0ppin,human
brasiltimi83,human
BOPandTigerBeat,human
BornHungry71,human
BoyGiuly,machine
brainspirations,human
BrandywineFred,human
BreaB_,human
breakcoeur,human
breanaspaeth,human
BremMoreno,machine
BrendenMernagh,human
brendon_rogers,human
BrianBrownNet,machine
BrianBShynin,human
briannhinton,human
BrianPShea,human
BrianQHo,human
brianXbaker,human
Brian_Bijuu,human
BrideReview,human
briglang,human
Brimfieldsveg,human
BrineBooks,human
BristolJobs_,machine
BritishXXBeauty,machine
Britneyq78,machine
brittany_burner,human
britttt_15,human
Britty_Wagner,machine
BriXtonTube,machine
brknews_tol,machine
brokeymcpoverty,human
Brookgracee,human
brooklyn_decke,machine
BrooksBroHearrt,human
Brttybaby,human
BruceDwayne,human
Bruna_Scarssi,human
BRUNETTExBEAUTY,human
bruno_silas,machine
bs2theleft,human
BS_Kev_BS,human
btcHopOff,human
Bubble_Maemae94,machine
buddyass,human
BudweiserKnight,human
BUJUFANTA,human
Bullionadvisor,machine
BullSHIT_Free_,human
burapapath,machine
busramaria,hybrid
Butterfly329,human
ButterflyMama29,human
butterybites,human
Butt_Pirate13,human
butunyi,human
buycoffe,machine
BVB09atodogas,human
BvbyGxxn,human
bvxrachelle,human
BW_Webcasts,machine
bxcks,human
bxnxyx,human
BxtchLet_MePipe,machine
bypofyhelyx,machine
Byyye_Felisha,human
b_uncut,machine
b__murray,human
c00ps31,human
c0rrelati0n,human
C13phone,machine
C773T,human
Cage_Nerd,human
Caitlynsci,machine
CaityBryant123,human
caIuhm5sos,human
Caleb_Bandaid,human
callatekordei,human
CallMeKels0,human
callmeoniichan,human
CallMyGunNadia,human
callumwilkins22,human
camillahornsby,human
CamiyTorres,machine
CamoDave_,machine
campark2,human
CampPatton,human
camzmani,human
CanalCapeCod,machine
cande6565,machine
candiesbear,machine
Candiland97,human
CandisTenae,human
candyceelee,human
candycok,machine
candy_rh,machine
caniffuck,machine
Cannibalx008,machine
CantrellJason,human
CapitalsPulse,machine
caplannfl,human
CapricornsAreUs,human
captain_luv,machine
capt_cait,human
caras_soul,human
carissa948,machine
CaRi_Garza,human
CarlaWalkerr,human
Carla_AriasC,human
carleyphilips,human
Carlene_eddie,human
carlitos2230,machine
carlospsykedela,human
Carly_Cutie,human
caroldunk,human
CaroLInaFlyy,machine
caroline9miller,human
Caroline_Har,human
carollushka,machine
Caroluu45,machine
CaroOreJB,human
CarpenterWTR,human
carriejoyce4,human
CarterSimpson3,machine
cascadiasolid,human
CASEAdvance,human
caseyjonesftw,human
cashbangwallop,machine
cashmeresymone,human
cassdurham,human
cassiel217,machine
castillo4742,human
casualcraftlete,machine
Catalina_Agr,machine
Cate4short,human
CathrynPearce,human
catia2silva,machine
Catie_Barrett,human
Catitabieber12_,human
catlovessports,human
catscatsayy,machine
cat_galloway,human
ca_tursi,human
Ca__de,human
CBCRadio2,machine
CCMInsider,machine
CCSD181,machine
cc_missgiggles,human
CeceMata,human
cedricterrell,human
Cedric_254,human
CeewanGallagher,human
CelebNewsBot,machine
CelebratingAuth,machine
Celestine1701,machine
celiiiaaaa,human
CelimarR_,human
celina537,machine
Celina_Drivas,human
CessicaJulver,human
Cezza1996,machine
CfrnCoyn,human
CGRTeams,human
Chaaaouk,human
chadrossbennett,human
ChadwickHalse,machine
cham1393,human
Chanellll__,human
Change2Save,machine
Channel4News,machine
CharityDEBRA,machine
charitynyambu,human
CharlDeChez,human
CharlesBside,human
CharlesGrant111,human
CharlesParkerYT,human
charleyjayglam,machine
charlg93,human
CharlieHappenin,human
Charlie_Brax_,human
charlotteglasso,machine
CharlotteinBOI,human
charlotteofy1,machine
CharMaiMai,human
charming_ashole,human
CharonMG,human
chastime,machine
chaymeans,human
Cheerch29,human
chelbro1024,human
ChelbyDaigle,machine
chemakRD,machine
cheneydrive,human
ChennaiJournal,machine
chepieee,human
CherryFreezPop,human
cheshirelife,human
chestertweetsuk,machine
ChiCityChino79,hybrid
chick_espinosa,machine
ChiFrenchMarket,machine
ChildcareClassR,human
chingyarmani1,human
ChitchatNews,machine
ChloBozy,human
chloe_glaister,human
ChloSales,hybrid
choisjnri,human
Choke_ThtHoe,human
CHRISCREEBAILEY,human
chrisgmellor,human
ChrisKileke,human
ChrisLeeMedia,human
chrisnorman93,human
CHR_Temper,human
cloudnine666,human
cyndiaN,human
ChrisMBarr,human
chrisratcliff,human
ChrisSalterMW,human
Christian_Blogs,machine
ChristieLue,human
ChrisTsakis,hybrid
ChrisWaterworth,machine
chris_1directio,human
Chris_Lomas_,human
Chris_Miller_92,human
Chuck_Prod,human
Chumpstring,machine
Chunchi,human
CHYnese_FGS,human
chynna1127,human
CianHughes,machine
Ciara_Bermingha,human
Ciera_Vogel,human
Cinc0D3Michael,human
cinnacxnt,human
circegrand,human
clancy0081,machine
claysw,human
CityOfNorthVan,machine
ClaBradi,machine
ClaireF24041981,human
ClaireJ91717,machine
claire_hannis,human
clarabelieber23,hybrid
classykassi22,human
ClaudDyzzle,human
ClearlyCleary,human
clendeninghm,human
CletusRayRay,human
ClevelandStWBB,human
cleverkate,human
CleverSallie,machine
cliffordmichaeI,human
clinton_sparks,human
clonestudiolive,machine
cloroxuser,human
CloseSeaWorld,machine
cloudsheep0,machine
clubhush,machine
clwreal70,machine
ClymbLyfe,human
CNTGOD,human
CoachJCB,human
COCAINEPISTOL,human
ColbertFan2008,human
coldcashjohnny,machine
ColdenG,human
colferelette,human
ColineDMehlin,human
Colleenope,machine
ColleenSolar,human
collers_,human
Collosusltd,machine
coloradogov,machine
Colorado_Allo,human
Combixa,human
COMPETENTOBS,machine
ConnieHistory,machine
contigu0us,human
cooeylouis,human
CookieLoverG,human
CookiesandCREE,human
cooksport,human
cooladitaya,machine
coolgerasimova2,machine
coolgirlsnews,machine
CoolieHighCC,human
coolingjamess,human
CoopCapital,machine
corbinjoslin,human
Corey_K01,human
CornwallChic,machine
CorporateBarbie,human
CoupleVs,human
courierjournal,machine
courtneyconover,human
Cpt_Togo,hybrid
CourtneyCrowley,human
Courtneyfloress,human
coverscroll,machine
cowgirlsmile63,human
coxeramyxag,machine
coyatho_44,human
cozyfawns,human
cpc_club,machine
CPT_SAVEaHOE_,human
CraysMom,machine
CrazyCyrusMofo,human
Crazymofo_x_,human
CrazyNekoZ,human
CreativeCoupon1,machine
creature57,human
CrimDelaCrim_,human
CristtiG,machine
critterheart,human
crucifiquei,human
Crups222,human
crystal_faul,machine
CSandersWriter,human
CTTSTAR,human
CTWthepro,human
cubeofthecubed,machine
Cudey1,human
Cuero_New,machine
CUFood_BrandLab,machine
culestG,human
CupidaCriminal,human
CurlyWurlyKazza,human
CurvyBarbie_,human
cute_couples24,machine
Cuttiebunny1,human
Cyber_Boogie,human
DanielPearce18,human
CyTophamPitt,machine
D00NLen,human
d2BMcG,human
d3hoops,human
DaakyeHemaa_,machine
daayelizaa,human
dab2525,human
dabiebahheart,machine
daddyinsider,machine
daelynjung,human
dagmarkaaaaa,machine
daniellebrownex,human
DailyMailUS,machine
dailyorange,machine
Daily_Breaking,machine
DaleFroud94,human
dallasmavs,machine
damnambulance,human
danstrait17,machine
DallasRevival,machine
DallasTX_News,machine
dallxsc,hybrid
damageddaughter,human
damandapanda,human
DameDizzle,machine
DamiB97,human
DamienSFaucher,machine
damnshee,human
danaanSB,human
DanaSueCampbell,human
danceselgomez,human
danhetherton,human
Danidrewdan,machine
Daniellesharp,human
Danielle_JDepp,human
DanielReskin,human
DanielPromise_,human
DanielRocksDVO,machine
DaniielaGomez,human
Daniiharperx,machine
danilovesjordun,human
DaniN_21,human
DannyelDannyela,human
DannyManus,human
DanStPierre9,human
Danuuul,human
Dany_Florenski,human
Dan_Summerfield,human
daprince89,human
Darcy_Sarto_,human
darealjinxy,machine
DaRealJRose,human
darhowklo,human
DarinAishah,human
DarionRay,human
DarkandGlorious,machine
DARKSMILERECORD,machine
Dark_Passionne,human
DARLINGDALISSS,human
darling_biebs,human
DarnellW95,human
DarrennnTannn,human
Darrolm,human
DarrylLewisn,machine
DashaThorne,machine
datanami,machine
DaTillzHangOut,machine
dattebuttyeol,human
daveisaclaret,machine
DaveWinfields,machine
DavidDennel,human
DavidLooney2,human
DavidM33,human
davidwford,human
Davoonn,human
dawnouis,human
dayanalaloca_,human
dazeddisha,human
Da_Real_Amen,machine
dbsphotos,machine
ddlweed_,human
DealWeather,machine
DeanaSchettino,human
DeanMThomson,machine
Deathmettal,human
debbiemiklovich,machine
Debi_D2,human
DeborahLloyd,human
debzdvine,machine
deeeznuuutz,human
deeny10460,human
DeezNuts,human
definitiveB,human
Def_Star_Radio,machine
dejizultee,machine
dekunlejnr,human
delenasanarchy,human
deleportes,human
deliciadegode,machine
DelilaChenette,machine
Demetre51187205,machine
demetriaspearl,human
demipacienciaz,human
DenzyelG,human
DiegoAJGalindo,machine
demolitionlxver,human
DendySuwiyan2,hybrid
denizlovesJB,human
Depobeatz,human
DeRanwalt3,human
DerekAitken98,human
derinataay,human
Designartist1,human
designerhemmo,human
DesotoWarehouse,machine
Devanayagam,machine
DevanLenartovic,human
devicomatewinxs,human
DeviousDee19,human
DevlinGed,human
devonwigley,human
De_Enggared7,human
dfreechilling,human
dg126044948,machine
DGibson_11,hybrid
Dhara_Chauhan11,machine
DHM1022,human
DHnugu,machine
dhonutcare,machine
dianacorpus,hybrid
Dicknoskianss,human
DieselCoaching,machine
DieToBeLoved,human
Dikkal_s,human
dillyshoe,human
Dilyana15,machine
dimaelsayed,hybrid
Dinggyyy,hybrid
dinipc,human
dinkandelliott,human
DioneBell_SFG,human
DiosEsAmable,human
directionftsos,machine
dirtystylus,human
DISASTERGAME,human
Ditsy_Soph,human
DiviaPutriF,machine
dixmxnd_el,machine
DjEnferno33,machine
DJTavish,machine
dj_g_2,human
Dkks2tess,human
dklaristenfeld,human
DktrAgonizer,human
dkurks99,human
Dlcdoespinosa,human
Dmhpr67,machine
dm_misc,human
docandjohn4ever,human
docbeatsusa,human
DocGeeks,machine
dodey_alkhalifa,human
Doing__iT,human
DonCarlivati,human
DonPauze,human
Don_chepe23,human
DortchTheTortch,human
Dounia051990,human
donna7865,machine
donnabaileylx,machine
DONNABOOKEISHA,human
DonRL1,machine
dontbutthurtme,human
DONTE_ARCHIE,human
Don_Makgaila,human
Don_Raheem,human
dooger2,human
dosesofjustin,machine
DougJ54,human
DouglasBooth2,machine
DoveRadio,machine
Doveshaun,machine
doytphat,machine
dpla844,machine
DracoCretel,human
Dragonahcas,human
Dragonfireny,human
DramaQueenDiva,human
drasticjustin,human
DrawingSociety,human
DraytonOliver,human
drbrainbugz,machine
Dreaa_xx,human
dreadfullyun,human
dreamforever30,human
drekerrr,human
drewh__,human
drewzmick,human
Dripstur,human
drkennyc,human
DrRiverSong,human
drrkeim,machine
DrtyChimichanga,human
DrumRollKing,machine
drupalnation,machine
DRVGGOVGOD,human
drvwsboca,human
drwxsfuck,human
dr_mark_shelton,hybrid
Dr_Shivargo,machine
DsavageBeats,human
DSFoliche,machine
DS_Cuartas,human
DuArtPost,hybrid
DublinSloth,machine
duckinaround5,human
DudaBanolas,human
dueparadiso,human
DuffyHeffner,human
dugankane,machine
Dumaeza,human
duncancameron,machine
dusthillguy,human
dutaeferdian,human
dwrkgomez,human
dybdob,machine
DyesebelAnne,machine
dzakwanval,human
d_compass,human
D_Smack_A9,machine
EagleSuperCar,hybrid
EarthquakeAu,machine
EatingBeagles,human
EatMyCFootprint,machine
ebeitdevita,human
Ebonyuu,machine
Ebukaa_,human
eburukoglu,human
economydreams,human
eContenido,machine
edaddydollaz69,human
EDdictedGirl,human
EDEEP_ZA,human
edgarwright,human
edgar_curiel,human
EdifyMuzik,human
edisongurraj_10,human
ednortons,human
Eduardo68887536,human
eduardo_ccs21,human
Edward_Carey,human
edwinhooper,human
eechentx,human
efecandogan,human
EfosaMoses,human
ehChak,human
ehimessi,human
ehithatsale,human
Ehmundo,human
Ehsan_Toton,machine
EIUstugov,human
Ejazkarimi10,human
ELFpapJuicE,machine
ejpmonline,machine
EJTamblyn,machine
ekpyro,human
ektamacha,machine
Eldreda71Mercia,hybrid
electrchapel,human
electric_wonder,human
elforesto,human
elHairoo,machine
EliasPolyzer,human
Eliezer_CaprieO,human
elighthegray,machine
ElijahxFresh,human
elise4671,machine
EliseCD,human
EliteFut,human
EliteJournalist,machine
ellen_moran8,human
ellen_ot,human
FolKelseyfollow,machine
elizabeth_920,human
Elizzzamayl,human
ellencharlotte2,hybrid
ellesseisonfire,human
ellewadding,human
ellie_galaxies,human
ellyfss,human
elmaestro876,human
ElmaIronBed,human
ElObjetivista,machine
ElRoiShalom,human
Emadd010,machine
Emanthewarrior,machine
EmergeTO,machine
EMFProjects,machine
emilioflow1,machine
emilyhamilton97,human
emilylmiller_,human
EmiLYMuhamed,human
Emily_Andersonx,human
eminemcyrus,human
emmacaulfield,human
emmafitness94,human
emmalucywhitney,human
Enchanted_Elsa,human
ErikaSamy16,machine
Emma_Sayss,human
emmprice_,human
EMobileMY,machine
eMotionDanceFit,machine
Em__McFly__ATL_,human
Endo_Gremlin,human
enetmagonline,machine
EngageCharitySo,human
EngineerAusJobs,machine
eNPHAN,human
EntLinks2Click,machine
entubameesta,human
EnviroEdgeNews,machine
ERedTube,machine
EricaM95x,human
EricAndrJohnson,human
Ericka_noBadu,human
ErikH1776,machine
erinrcollins1,machine
ErnieTheWhite,human
Erocklee,human
errorbroadcast,human
EscapeMahone,machine
esch_jennifer,machine
esicaservice,machine
ESIKMUSIK,machine
EskenaElkartea,machine
esmebesme,human
Espn_Journalist,human
ESQPolitics,machine
EssentialCoffee,human
EssexWebGuru,machine
Esthermccarthy,human
Esy_robinson,human
ethanstucke,human
ethosbrands,machine
eTurboNews,machine
Eugene_Brooks,human
eusousemedo,human
EvaBaey,human
evan_b,human
evan_zimmZzZ,human
EVBuylov,human
EvilAfoot,machine
Evo1ovE,machine
excusejb,human
exeskeptics,human
ExeterPatch,machine
ExoDoFrance,human
ExpertVacations,machine
EyeSkreamMan,machine
eye_os7,human
EyleenTomala,machine
Eyoscar_,human
EyraHunnie_,human
ezrhawol,human
fabriziopicture,machine
fabualice,human
FaceInThings,machine
Factdb,human
fahmysingh,machine
Failedimages,machine
fairygilinsky,human
faithlovato_,human
Fajrikayzu10,human
fakekisseop,machine
FakePlasticL0ve,human
fallendr3w,human
familyfoods,machine
FantasySourceBB,human
farahanahsaad,human
farahazizi,human
fardarter,human
farhatreine,human
FarMeeSnap,human
FASHIONwasted,human
fat0troll,human
FatimaAli12345,machine
FatimaFI143,machine
Fawzeah2,human
Faykster198,machine
FaZe_Dedo,human
FBNewsBlast,machine
fckszgrier,machine
fcwilletts,human
feaa_janelly,human
FEAR_97,human
FedUpJoe2,human
FeedNYC,machine
FeliciaAbney,machine
FelikiKanda,human
FelixBillion,human
felixcartal,human
FergTwilightRun,machine
fermandwestern,human
FerrerReddrdu,human
feverdion,human
FFC187,human
FFFJournal,machine
Fifalosophy,human
Fifi_Bergere,human
Fileboard,machine
findzoey,machine
fionamaclean,human
fionnahoward,human
Firebolt213,machine
FireWalkIreland,human
FirstDataJobs,machine
Fishing_Tool,machine
Fit4Life2511,human
FitbitReport,machine
FitnessFirstPro,machine
FitzmallCareers,machine
fiuscha,human
FizaGY,machine
fkat727,machine
flahertyar22,machine
Flatbread_Pizza,machine
FlawlessascanB,human
Flocka_Birds,human
florbarreiro,human
Florencia69_,human
flowerbob,human
Flo_adoravel,human
FlyKnives,machine
fly_harreh,human
Foetbal247,machine
follow_arich,human
FoorYouJustin,machine
FootballFanCast,machine
FootballLife007,human
fordyyxoxo,human
Foreplay003,machine
ForeverKayD,human
foreverlarker,human
foreverxkuen,human
foreveryoung_21,human
ForgottenTill16,human
ForTraders,machine
FORZASARITA,human
FoxYume,human
FransiskusDidi2,machine
FranzeskaMell,human
frasermenzies97,human
frecklesofhoran,machine
FredIrishFest,machine
frnnky,human
FroyoWorldUConn,human
FunmiiS_,human
huIIabaIoo_,machine
FreeMarianPrice,machine
FreeQualitySEOL,machine
FreeSiteReport,machine
FrenchShickFan,human
frequencebleu,machine
freshon,human
FRESHPorter772,machine
FrontierGap,machine
frostwire,machine
FshyyV2,human
FT9esmivida,human
FTjustine,human
fucked_up_4eva2,human
FuckingWalnoha,human
fuckinlovebrown,human
FuckOffBitch69,human
fugie,machine
funbutt,human
fundraisinisfun,human
FuNkYQueenBrit,machine
funkysweetheart,human
funny_ruby,machine
furrydongbot,human
FuzeAct,machine
fvckwdlm__,human
FxckThoughts,human
FyKim1990tiffy,machine
fykimty,machine
fynusykihix,machine
g33kgurrl,human
gaayra,human
Gabayy_,human
gabiieveliz,human
GabriellGaton,human
GaEun611,human
GanjaGourmet,machine
gmblake3,human
GAINBOT005,machine
GalEnterprise,human
gallifreyan,human
GalvinAF,human
gamemaster2727,human
GamingZion,machine
GanjaChick,machine
GarciaKid_XI,human
garfierules,human
GargoviArt,machine
Garland_buzz,machine
gaskclifford,human
GatorsSRH,machine
gawdenews,machine
GayanVinod,human
GayMonst3r,human
gaythugga,human
GEanalyst,human
geekofmedia,human
Gekko2010,human
GeneralistGamer,human
generationblogs,human
gennaaaaaaaaaay,hybrid
gentijana8,human
Iwko11,human
GeoffreyBon,human
georgefox,machine
georgetalbot,human
GeorgiaGgrockz,human
gergelymolnar,machine
GerlindeMiddag,human
GermanChangjo,human
GermantownPD,machine
geschichtenpost,human
getcreativeSM,human
GetInternetJobs,machine
getitupforme,machine
GetYo_PESO_Up,human
gghvvangs,machine
GGkwoonyuri,human
Ghezal_lulu,human
ghifarr_,human
GiantBlueRing,human
Gigg44,human
ginalivy,human
ginanurkamilah,human
gingagoonagolfa,human
GingerSlim,human
GingerStump,human
ginny_rush,human
GioSimone07,human
girIsquad,human
GirlBeenWaited,human
girlsbandsgirls,human
Gisrinitareny,human
gizzer72,machine
GlendaleYL,human
GORDONWANLESS2,human
Giwa_A,human
gk125,human
gke_kadircan,human
glasgowjude,machine
glassdoorsd,machine
glbenyamen,machine
glitter_sailor,machine
GloomEmpire,human
glory__perez,human
GLOSS_NcurLS_,human
glovebuddy,human
GloversFlooring,machine
glowzjauregui,human
GMMB_KSCO,machine
gmwizard,machine
gnervar_,human
GNGiveaways,machine
GodsGoodNEWS4U,human
goinginfo,machine
GoldBarSale,machine
GoldenCoward,human
Golden_Soul3,human
goldiemheir,human
goldmetria,human
GoldSilverCoins,machine
GoldTransAm07,human
Golf4a,human
GolfDay,machine
goneandfound,human
gonzo_archivist,human
GoogleEarthPics,machine
GordonMiltons,hybrid
GordyMacD,human
gorgeous_lipss,human
GorNaghdalyan,machine
GoRockets7,human
gossip90101,machine
GossipGirlFan99,human
Gossip_Dawg,human
GOUKNews,machine
Gourmandatory,human
GOZI_2TYMZ,human
Gr60Garcia,human
GraceBenson16,human
GracieClarkeeqk,human
GrahamBailey11,machine
gramck24,human
graphictrip96,human
GreasyAsian,human
greatlakesradio,machine
greencityliving,machine
gregrussak,human
Gretyl,human
gtsocceroos,machine
grimlinz51p,machine
GrowAPear004,machine
GrowAPear008,machine
GrowAPear015,machine
GuhTHREEMer,human
GuldehanDeryal,human
Gummikilla,human
guptaannaya,human
gurjindergagan,machine
gurlonthecouch,machine
GwenYow16,human
Gymrat_01,human
GYNTK,human
GZoe85,human
G_Frank33,human
habarinetwork,machine
hackdownloads24,machine
haileymelvin33,human
HakunaMatattaa,human
haleybee9,human
HaleySwi,human
hallolaa,human
Hammad_Ansari,human
hamzatango,human
hanamiyaaru,human
handfulofnarry,human
HanisZaainn,human
HankandAsha,machine
HanLPearson,human
HannahMorMor_1D,machine
HannahThug,human
hannaleerink,human
hanny_farhanny,human
hann_mariee_,human
HarfordCoPatch,machine
Harkiratbehl,human
harley3682,machine
HarleyMadLove,human
HarryJFriel,human
harrylockbhc,human
HarshNotes,human
HaterproofPromo,machine
hattiehatesu,human
HBMnCode,machine
hawaiiEcoupons,machine
hawkwalk11,human
hayes627,human
hayesgrierily_,machine
HayleyWielgus,human
Haywhyshitta,human
haziqsk8ter,human
HBGam3r,human
HDSilversmith,human
HE0TA,human
HeadInTheCluds,human
headlinenewsnep,machine
Health_ByChoice,machine
HearterFOndr8,machine
heather3675,machine
Heather_Ann95,human
heaveniszayn,machine
hecannotbebroke,human
HedgeWitch101,machine
heen_Doggish,human
Heineken,machine
HelenasFineYoga,machine
HelgeEliez,human
hellowitsjess,machine
helobuff,machine
HemlockMartinis,human
hemmings_larry,human
hemmoonshine,human
HempbyDesign,machine
hendgamil,human
herebcofniall,human
HermannZookovh,human
hermanos,human
heshamza,human
heydi_28,human
HeyRiles,human
HeyTmas,human
HeyYahAIKA,human
HeyyyyMsTia,human
Hey_Loki_,human
HighlandLawyer,human
highlariousss,human
Highlyfaved21,human
HighPRbacklink3,machine
hilalyetkin_,human
HillsidePointAp,machine
hirakanwal8,machine
hireatlanta,machine
HistoryFlow,machine
hitthebottom,human
hizzle96,machine
HI_Voices,human
Hlepage,machine
HMIslam27,machine
hmtrondheim,human
hnikoley,machine
HOBHouston,human
hodabachchan,machine
hoelingar,human
HOGDAILY,machine
HogwartsAlumnii,human
HolAGhuRRl,human
holaitstati,human
Holden114,human
holladeemejy,machine
honeybeeyatch,human
Holo_x3,human
HolySlutss,human
honeyyBee,human
hongkink,human
honourableluke,machine
HoopDancinDevil,human
HootayMcBoob,human
HopeSpringsUp,human
hopetodaymag,machine
hornster100,human
horsedivorce,machine
hotbabe6ixy,machine
HOTCHA1,machine
Hotdesigner,human
Hotel_Direct,machine
hotezria,human
hotjolo,machine
HotStockBot,machine
hotxxxwoman,machine
Houpminshed,human
howellaboutphil,human
howlieT,human
Ho_lessHarris,human
htschie,human
httkdrauhl,human
httpgoth,human
httpsexualbenzo,human
huavandat2101,machine
HUByounglife,human
Hugh3ss,human
hugxfnarry,human
HumCentre,machine
humzybinshad,human
HunterOfficial_,human
hunter_hagan1,human
hvelascosaad,human
hvrrington,human
hwdrew,human
HwyChurch,machine
hyhphucgs,machine
Hypnotic1,human
i3zooz_,human
i5sosftswift,human
iAdicta_,human
Iamantonio,machine
IamChloeLauren,human
iamelanuel,human
IAmJKatz,human
iAmLeilaB,machine
Iamnerdysowhat,human
IamtheWILdest,human
IamThLife,human
Iamtonnymontana,human
IAmVixen_,human
iam_DPU,human
iam_Hagbojay,human
iam_obio,machine
IanGetsBuckets,human
iankar_,human
iarifresl,human
iAssil,human
IBCMedical,machine
Ibeee9,human
ibhappy,machine
iBizzleFever,machine
IBTimesUK,machine
icanfuckyamama,human
ICC_SKY_CRICKET,human
idaaannniiiaaa,human
ideaIstyles,human
idfkmegan,human
ididsocnu,machine
idRADAR,human
iDreamChaseEnt,machine
iFcknChiefCuhh,human
ifor247,machine
IFRSExpert,machine
iGloobe_info,machine
IGMzRayJ,human
igottabe1D,human
iGuyBelieber,hybrid
iheartkermie,machine
ihemmingslove,hybrid
iherebankkk,machine
IHilston,human
ilkekuunak,human
Illest_Aj96,human
Iloveindia6SihF,human
iloveitdigital,machine
ilovemy5SOS,human
InfoMejor,machine
Iontrust_people,human
IslamAlh,human
ilovemyiwatch,machine
Iloveseniorfitn,human
ilovex3_swift,human
ilsellanes,human
ILYSM_LUKEY_,machine
imagine_mahomie,human
Imanicskic,machine
iMarsh_Mellow,human
imfrineditamons,machine
ImJustBrittany,human
Imlko139,machine
ImMaweeh,human
Imma_314,human
ImMyOwnMotive,human
imshayyyy,machine
ImSpired_,human
imtwilieber,human
imyourgrandpa,human
Im_Jamaal,human
In2townmagazine,machine
inasirkl,machine
Indiafil38,machine
IndigoDownes,human
IndustrialGamer,human
indyweek,machine
inD_A_Woods,human
InfinitysCross,human
InkedWoman,machine
inkstainsclaire,human
inlovewithjoel,human
INSANITYHEMMO,machine
